Date,Homicide and other related violations,Invitation to sexual touching,Sexual exploitation,Luring a child via a computer,Voyeurism,Non-consensual distribution of intimate images,Extortion,Criminal harassment,Indecent/Harassing communications,Uttering threats,Other violent violations,Fraud,Identity theft,Identity fraud,Mischief,Other non-violent violations,Fail to comply with order,Indecent acts,Child pornography,Making or distribution of child pornography,Corrupting morals,Breach of probation,Utter threats to property or animal,Offences against the person and reputation (Part VIII Criminal Code),Other Criminal Code,Other violations
20140107,0,2,0,4,1,0,10,26,22,41,2,191,2,23,6,0,3,1,34,0,1,0,0,2,2,1
20140114,0,7,0,14,1,0,6,27,6,19,2,226,8,9,3,0,0,1,16,0,1,1,1,2,3,0
20140121,0,6,0,30,0,0,23,13,19,37,1,186,8,33,4,0,1,1,63,0,0,0,1,3,1,0
20140128,0,4,0,41,1,0,23,24,25,38,1,249,8,29,0,1,2,1,10,0,1,1,1,3,2,0
20140204,0,3,0,38,1,0,17,16,32,46,2,224,8,25,5,1,2,0,64,0,1,1,1,2,1,0
20140211,0,1,1,42,0,0,15,27,24,39,2,367,9,32,3,1,2,1,34,0,0,1,1,3,2,0
20140218,0,1,0,48,0,0,18,13,27,35,1,226,7,26,3,0,0,1,16,0,1,1,1,4,2,1
20140225,0,4,0,36,1,0,17,28,32,33,2,318,10,36,2,1,1,0,20,0,0,1,1,2,3,0
20140304,0,5,0,3,0,0,3,23,6,2,2,221,1,8,5,0,3,1,17,0,1,0,1,2,1,0
20140311,0,2,0,19,1,0,4,26,21,0,0,36,2,18,0,0,1,0,50,0,0,1,1,3,0,0
20140318,0,1,0,3,0,0,3,21,2,0,2,40,1,2,2,0,1,1,24,0,0,1,0,2,1,0
20140325,0,3,0,15,0,0,4,22,18,18,2,78,1,23,4,0,2,1,11,0,1,1,1,3,2,1
20140401,0,5,0,17,0,0,4,22,9,29,1,82,1,15,5,0,2,1,58,0,0,1,1,2,1,0
20140408,0,7,0,29,0,0,14,28,14,35,2,276,6,29,5,0,3,1,59,0,0,1,1,3,1,1
20140415,0,6,2,27,0,0,16,4,23,33,0,203,7,26,3,0,1,1,49,0,1,1,1,1,3,0
20140422,0,3,0,13,1,0,2,3,6,1,1,29,2,17,3,0,0,0,31,0,0,0,0,3,2,0
20140429,0,4,0,18,0,0,3,20,6,16,0,56,2,13,2,0,1,1,47,0,1,1,0,3,1,1
20140506,0,7,0,18,1,0,10,11,7,12,1,42,3,17,4,0,3,0,16,0,1,0,1,1,1,0
20140513,0,1,0,8,1,0,7,1,20,27,0,95,4,20,4,0,1,1,40,0,0,1,1,2,1,0
20140520,0,4,1,12,0,0,3,2,6,4,0,16,2,3,4,0,1,0,53,0,1,0,1,2,1,0
20140527,0,2,0,3,0,0,6,9,4,3,1,129,1,2,6,0,2,0,11,0,1,1,0,1,1,0
20140603,0,0,0,5,1,0,1,20,8,16,1,121,1,2,3,0,1,0,62,0,1,1,1,2,2,0
20140610,0,4,0,19,1,0,0,19,15,16,0,64,4,17,2,0,1,1,61,0,0,1,1,3,0,1
20140617,0,1,1,28,1,0,19,22,21,23,1,212,6,19,3,0,1,0,20,0,0,0,1,3,1,0
20140624,0,7,0,26,1,0,16,17,23,34,1,298,4,21,4,0,2,1,41,0,0,0,0,1,1,1
20140701,0,3,0,27,1,0,13,29,29,33,2,292,7,24,3,0,3,0,53,0,1,0,1,3,3,0
20140708,0,4,0,30,0,0,14,4,19,21,0,220,5,26,4,0,1,0,9,0,0,0,1,1,2,0
20140715,0,2,1,28,0,0,6,23,25,37,2,130,3,8,2,0,0,1,25,0,0,0,1,3,2,0
20140722,0,2,0,27,1,0,16,16,19,34,1,223,5,29,0,0,3,0,53,0,0,1,1,1,3,0
20140729,0,1,1,20,1,0,14,16,25,34,0,175,4,24,1,0,3,0,60,0,1,1,0,2,2,0
20140805,0,1,0,24,0,0,8,22,13,26,1,196,5,18,5,0,3,0,52,0,0,1,1,3,3,0
20140812,0,0,0,24,0,0,13,7,22,23,1,195,6,27,4,0,1,1,49,0,0,1,1,2,1,1
20140819,0,5,0,21,1,0,12,29,23,21,1,137,4,24,2,0,2,0,47,0,0,1,1,3,0,1
20140826,0,4,1,21,0,0,10,13,10,20,2,125,5,17,3,0,2,0,61,0,0,1,0,1,3,1
20140902,0,4,0,7,0,0,10,29,12,11,0,114,6,19,2,0,3,0,22,0,0,1,1,2,2,0
20140909,0,1,0,4,0,0,2,29,3,6,1,78,3,1,5,0,1,0,56,0,0,1,0,1,2,1
20140916,0,4,0,13,1,0,1,24,11,12,1,110,2,7,6,0,2,1,46,0,0,1,0,3,1,1
20140923,0,6,0,11,1,0,1,28,0,3,1,76,1,11,4,0,4,1,34,0,0,1,0,1,2,0
20140930,0,1,1,3,0,0,3,21,1,6,0,54,1,1,2,0,4,0,56,0,1,1,0,0,1,0
20141007,0,5,0,25,1,0,8,5,20,18,0,185,5,29,0,0,1,1,30,0,0,1,0,0,1,1
20141014,0,2,0,25,1,0,7,22,21,24,0,177,5,20,3,0,0,0,60,0,0,0,1,3,2,0
20141021,0,1,0,15,0,0,6,23,8,16,0,86,4,9,4,0,3,0,57,0,1,0,0,0,0,0
20141028,0,2,0,8,1,0,5,0,3,10,0,41,1,1,3,0,1,1,32,0,0,1,1,3,1,1
20141104,0,5,1,14,0,0,6,20,14,15,0,194,2,24,0,0,4,0,4,0,0,1,0,1,1,0
20141111,0,0,0,18,0,0,7,6,2,17,1,103,4,9,0,0,3,0,46,0,0,1,0,4,2,0
20141118,0,0,0,8,1,0,4,3,4,10,1,57,2,0,2,0,2,0,62,0,1,0,1,0,0,0
20141125,0,4,0,4,0,0,4,29,6,6,0,22,0,2,3,0,3,1,29,0,1,1,0,1,3,0
20141202,0,0,1,8,1,0,5,6,10,10,2,23,3,15,3,0,4,0,2,0,0,1,0,1,1,1
20141209,0,5,0,8,0,0,6,10,13,9,2,66,1,2,4,0,1,1,46,0,1,0,1,2,1,0
20141216,0,3,0,1,0,0,5,15,7,11,1,90,2,14,3,0,3,1,26,0,0,0,0,2,0,0
20141223,0,2,0,18,1,0,7,6,6,12,0,94,3,6,2,0,1,0,11,0,1,1,1,1,2,1
20141231,0,3,0,3,4,0,4,20,8,11,1,84,1,6,4,0,8,3,29,0,2,4,1,1,1,3
20150107,0,0,0,25,2,2,22,38,47,38,2,300,7,31,7,8,3,0,12,34,0,0,1,3,3,0
20150114,0,3,0,44,1,3,29,23,41,43,2,291,7,24,0,0,4,1,23,27,1,0,1,3,5,0
20150121,0,3,0,30,2,2,31,35,45,43,2,363,8,23,2,0,2,0,3,14,0,1,1,2,1,0
20150128,0,3,0,45,3,4,18,20,42,23,2,308,6,19,2,0,6,0,50,14,0,1,2,3,2,0
20150204,0,0,0,9,1,0,3,29,7,6,1,40,1,10,0,0,6,0,44,32,1,0,1,2,0,0
20150211,0,3,0,8,2,2,5,26,8,11,0,152,4,11,1,0,4,0,53,17,1,1,0,0,3,0
20150218,0,3,0,10,1,4,3,8,15,13,2,56,2,10,2,0,3,0,64,15,1,1,0,2,1,0
20150225,0,2,0,9,1,1,8,18,3,16,1,176,5,16,1,0,2,1,37,31,0,0,2,3,1,0
20150304,0,2,1,3,2,1,14,36,28,20,0,111,4,12,1,0,5,0,34,19,1,0,1,1,2,0
20150311,0,1,0,5,1,3,18,5,26,6,1,233,0,12,4,0,2,0,50,7,0,1,0,1,4,1
20150318,0,4,0,12,0,3,15,1,15,26,2,83,4,4,4,0,3,0,58,9,0,0,1,1,4,0
20150325,0,4,0,29,2,2,26,4,50,47,1,200,4,15,6,0,3,0,2,21,0,1,0,1,3,0
20150401,0,2,1,26,2,0,20,34,33,49,1,215,5,21,6,0,3,0,49,23,0,1,1,4,2,1
20150408,0,2,1,30,0,2,15,1,36,31,0,249,7,26,0,0,0,1,58,19,0,1,1,1,3,0
20150415,0,3,0,21,1,2,22,27,34,21,2,183,5,15,1,0,2,0,19,7,0,0,2,3,1,0
20150422,0,4,0,27,0,3,19,35,28,30,1,156,5,23,7,0,2,1,3,12,0,0,2,1,2,0
20150429,0,4,0,7,1,3,17,14,39,18,1,178,4,16,5,0,2,0,27,11,0,0,1,2,4,0
20150506,0,2,0,4,1,1,2,9,7,4,1,48,0,4,4,0,6,0,30,28,0,2,0,2,5,1
20150513,0,4,0,6,0,2,13,1,22,26,0,150,3,3,4,0,1,0,55,4,1,1,0,0,2,1
20150520,0,2,0,4,2,1,9,30,5,14,1,118,0,10,1,0,1,0,31,14,0,1,0,1,1,0
20150527,0,1,0,5,2,2,6,13,18,7,1,96,1,9,2,0,1,0,37,11,1,1,1,4,3,0
20150603,0,3,0,19,3,1,11,21,12,19,1,156,4,3,5,0,4,0,51,15,0,0,1,3,3,1
20150610,0,3,0,13,1,3,12,27,21,17,1,112,1,6,1,0,1,0,56,1,0,0,0,3,2,0
20150617,0,0,0,21,2,2,10,3,3,23,2,171,2,12,1,0,4,1,31,24,0,1,1,2,2,0
20150624,0,3,0,6,2,3,5,0,6,13,2,61,1,5,6,0,4,0,2,9,1,2,1,3,1,0
20150701,0,1,0,7,1,1,1,18,9,4,0,8,5,7,2,0,5,0,47,20,1,1,1,1,1,0
20150708,0,4,0,13,3,2,8,4,10,20,2,57,0,13,6,0,2,0,20,19,0,0,2,4,3,0
20150715,0,2,1,8,0,2,9,32,14,2,2,113,1,5,6,0,3,0,47,17,0,1,1,2,0,0
20150722,0,4,0,17,2,3,17,17,15,16,2,136,3,14,3,0,2,1,45,2,1,1,1,3,1,0
20150729,0,0,0,20,1,2,16,28,20,23,1,212,7,16,3,0,1,0,27,20,0,1,0,1,3,0
20150805,0,1,0,16,1,3,19,27,25,30,0,254,6,14,0,0,2,0,49,9,1,1,1,4,4,0
20150812,0,2,0,15,1,1,12,24,37,25,2,157,5,8,3,0,6,0,38,9,0,1,2,2,5,1
20150819,0,1,0,19,3,2,18,33,30,35,1,206,6,15,2,0,0,0,19,9,0,0,1,1,0,1
20150826,0,1,0,21,1,2,16,36,30,36,2,245,4,20,3,0,0,0,25,20,1,2,1,1,2,0
20150902,0,4,1,18,3,3,7,9,28,16,1,164,3,18,7,0,2,0,60,31,0,1,0,3,3,1
20150909,0,0,0,5,1,3,5,1,10,4,1,81,2,2,5,0,4,0,31,13,0,1,1,3,4,0
20150916,0,1,0,7,1,1,0,24,11,6,1,0,0,0,4,0,5,1,36,38,1,1,0,2,5,1
20150923,0,0,0,10,2,1,8,3,8,10,2,19,1,4,4,0,5,0,26,16,0,1,0,1,1,0
20150930,0,3,1,1,1,1,7,37,2,4,1,42,0,10,4,0,4,0,15,14,1,0,1,0,4,0
20151007,0,2,0,9,1,1,4,2,12,16,1,83,2,8,4,0,2,0,17,10,0,0,0,0,4,0
20151014,0,1,0,7,1,4,11,15,33,21,2,151,2,0,4,0,4,0,52,1,0,1,0,2,1,0
20151021,0,0,0,7,2,0,10,12,4,7,1,199,1,20,3,0,5,0,2,3,0,1,1,2,3,0
20151028,0,1,1,8,1,3,8,11,2,17,0,31,3,7,6,0,7,1,61,9,1,1,0,1,4,0
20151104,0,2,0,16,1,3,15,10,30,9,1,75,0,8,3,0,1,0,31,19,0,0,1,2,3,0
20151111,0,2,0,24,1,0,8,5,25,9,2,200,1,8,6,0,5,0,18,16,1,1,1,4,4,0
20151118,0,1,0,23,0,0,11,26,30,27,2,181,8,22,1,0,1,0,28,20,0,1,0,2,2,1
20151125,0,4,2,41,1,1,25,38,54,38,2,301,7,34,2,0,4,0,51,36,1,0,2,3,5,0
20151202,0,1,0,23,0,0,20,40,21,22,1,198,6,20,4,0,0,0,54,27,1,1,1,1,3,0
20151209,0,2,0,26,0,0,26,1,37,51,0,270,5,13,1,0,4,1,22,11,1,1,0,4,1,0
20151216,0,2,0,11,1,3,23,41,27,31,2,234,8,8,1,0,1,0,37,7,0,2,1,3,4,0
20151223,0,2,0,27,1,2,25,27,40,53,1,267,7,29,7,0,0,0,7,3,0,0,1,4,5,0
20151231,0,4,6,33,1,1,27,22,47,43,6,339,8,32,0,0,7,1,9,33,1,2,4,3,6,5
20160107,0,3,0,18,2,8,16,5,31,22,3,212,5,16,5,0,1,1,26,2,0,3,0,2,2,0
20160114,0,4,0,19,0,11,15,33,23,12,3,195,4,16,1,0,9,1,8,88,1,2,1,2,0,1
20160121,0,0,0,12,2,6,11,29,31,15,1,222,6,16,5,0,4,0,43,78,1,2,1,2,2,1
20160128,0,1,0,18,1,1,16,31,32,38,2,206,7,16,5,0,5,1,52,81,0,0,0,1,0,1
20160204,0,1,2,17,2,1,9,33,27,19,1,174,5,17,4,0,7,1,13,82,1,0,0,1,1,0
20160211,0,2,0,15,1,10,5,18,18,12,0,69,4,1,5,11,2,0,26,22,0,2,1,0,0,0
20160218,0,1,0,5,1,11,1,7,6,0,1,48,0,0,1,16,6,0,52,28,0,1,0,2,2,1
20160225,0,1,0,4,2,7,8,30,3,3,3,116,0,7,4,0,9,0,21,12,1,3,0,3,2,1
20160303,0,0,0,0,1,4,3,24,9,9,1,2,0,1,4,0,4,0,22,14,1,1,0,3,2,1
20160310,0,1,0,19,1,1,9,6,11,19,5,170,1,14,4,0,3,1,7,42,1,2,0,1,3,0
20160317,0,3,0,15,2,6,5,29,21,23,1,129,2,9,2,0,10,1,23,1,0,1,0,2,2,1
20160324,0,2,0,15,1,5,13,29,13,16,2,135,5,12,0,0,5,1,5,51,1,1,1,3,3,1
20160331,0,0,0,14,1,11,12,7,29,20,1,74,1,4,1,0,9,1,8,77,0,1,1,0,1,0
20160407,0,2,1,8,2,2,1,36,18,20,3,83,3,14,5,0,1,0,52,24,1,2,2,1,0,1
20160414,0,1,0,6,1,2,3,5,11,19,2,258,3,3,1,0,3,0,1,47,1,0,0,1,2,0
20160421,0,0,1,9,1,4,10,16,13,3,1,172,3,5,1,0,3,1,21,23,1,3,0,0,3,0
20160428,0,3,0,21,2,0,9,3,29,5,2,102,4,21,3,0,8,0,52,12,0,2,2,2,1,0
20160505,0,2,0,3,2,1,6,1,19,16,4,204,2,11,5,0,3,0,17,100,0,1,0,0,2,1
20160512,0,0,0,10,1,9,20,3,12,24,4,192,2,16,2,0,8,0,30,72,1,3,1,1,4,1
20160519,0,4,0,19,1,8,8,15,25,23,4,147,5,5,0,0,2,0,38,46,0,0,1,1,1,0
20160526,0,1,0,32,2,7,24,15,54,15,0,163,0,17,4,0,1,0,24,51,0,0,1,1,2,1
20160602,0,0,0,26,2,6,15,30,28,39,2,85,5,14,2,0,9,1,16,66,1,1,1,2,1,1
20160609,0,0,0,14,1,4,14,1,31,28,4,75,5,3,2,0,7,0,1,62,1,2,1,2,0,1
20160616,0,1,1,21,0,7,14,10,2,16,5,125,8,17,1,0,0,0,45,96,1,1,0,0,0,1
20160623,0,3,1,47,1,6,32,2,73,51,2,471,9,32,2,0,10,0,41,26,1,2,1,2,2,1
20160630,0,2,0,39,0,4,28,23,68,54,5,550,11,33,3,0,1,0,36,25,0,2,1,0,2,0
20160707,0,3,0,69,2,7,34,39,77,79,5,788,11,34,1,0,5,0,5,103,0,0,2,3,2,1
20160714,0,2,1,52,1,3,22,5,51,38,0,161,4,27,3,0,4,0,27,61,1,2,1,0,2,1
20160721,0,2,0,36,2,9,32,13,49,73,1,400,8,25,3,0,4,1,52,66,1,2,2,2,3,0
20160728,0,2,0,23,0,5,25,15,28,22,5,234,11,24,5,0,2,0,1,92,1,0,1,3,2,0
20160804,0,2,0,18,1,8,26,25,70,21,3,478,9,21,3,0,4,0,48,51,1,0,1,2,1,1
20160811,0,2,1,30,1,1,29,34,52,38,3,195,8,29,3,0,3,0,16,75,1,2,2,1,2,1
20160818,0,3,0,43,0,4,32,37,60,32,3,447,6,18,4,0,5,1,6,44,1,1,0,3,2,0
20160825,0,1,0,13,0,8,4,18,15,23,1,4,4,3,5,0,6,0,15,69,0,2,0,3,3,1
20160901,0,2,0,18,0,3,4,18,2,22,3,29,4,15,5,0,3,0,41,60,1,1,1,1,2,1
20160908,0,0,0,13,1,2,2,40,6,16,4,226,3,18,1,0,1,0,51,4,1,0,1,1,1,1
20160915,0,0,1,5,1,10,16,19,18,22,3,124,3,7,1,0,2,1,4,67,0,1,1,3,3,1
20160922,0,0,0,3,1,3,9,12,32,5,3,199,5,15,2,0,2,1,23,67,1,0,1,0,1,0
20160929,0,3,0,18,0,2,10,13,49,26,0,217,4,18,3,0,6,0,5,60,0,0,0,3,2,0
20161006,0,0,0,13,1,5,2,12,25,3,2,101,4,4,4,0,0,1,15,34,1,1,2,1,3,0
20161013,0,1,0,6,1,5,7,2,4,11,5,38,2,5,4,0,2,0,4,110,1,1,1,1,1,1
20161020,0,1,0,4,1,4,9,31,45,43,5,164,0,0,0,0,3,0,14,112,0,1,1,3,0,0
20161027,0,2,0,10,1,12,1,40,2,18,5,212,4,3,4,0,4,0,24,8,1,0,2,0,1,0
20161103,0,1,0,24,2,7,0,18,6,12,5,100,8,32,0,0,3,0,18,83,0,3,1,3,2,1
20161110,0,1,0,19,0,6,18,27,9,20,0,251,4,3,1,0,7,0,2,99,0,0,2,0,2,1
20161117,0,1,1,44,2,2,15,8,57,23,4,117,2,16,5,0,4,1,36,110,1,1,2,3,1,0
20161124,0,3,0,14,1,8,25,37,50,30,2,342,9,19,5,0,2,0,26,84,1,3,1,1,3,0
20161201,0,0,0,37,0,9,26,19,71,38,4,432,8,33,5,0,0,1,33,28,1,1,1,0,2,1
20161208,0,1,0,46,0,9,37,31,70,41,3,344,10,29,4,0,8,0,34,59,1,2,1,3,3,1
20161215,0,1,1,35,1,3,39,39,42,54,4,488,9,33,3,0,8,0,16,9,1,0,1,3,3,1
20161222,0,1,0,33,1,9,27,32,66,55,5,506,10,38,4,0,0,0,46,60,1,2,1,3,3,0
20161231,0,4,3,56,4,9,39,33,62,70,9,407,10,39,6,0,7,2,36,43,0,4,3,8,5,4
20170107,0,2,0,5,1,8,2,7,3,1,3,46,0,1,6,0,11,0,3,11,1,1,1,0,1,0
20170114,0,3,0,2,2,10,4,18,1,11,5,43,1,7,6,0,6,1,6,105,1,2,0,2,3,0
20170121,0,4,0,1,1,2,6,1,6,11,3,107,3,7,3,0,3,1,4,43,0,2,1,0,0,0
20170128,0,0,0,7,3,13,3,28,16,9,6,1,2,1,3,0,4,1,5,99,0,1,1,3,1,0
20170204,0,4,0,3,2,11,5,52,3,5,1,27,1,3,1,0,9,1,28,42,0,1,1,2,1,0
20170211,0,4,1,6,1,9,9,5,28,14,1,91,2,9,5,0,11,1,21,56,1,3,0,1,1,0
20170218,0,3,0,8,0,10,6,11,13,11,2,50,1,10,4,0,11,0,14,85,0,2,0,1,1,0
20170225,0,3,0,13,2,9,8,2,19,19,5,139,3,14,5,0,7,0,35,112,1,2,0,1,1,0
20170304,0,1,0,11,1,2,7,16,28,10,1,179,1,6,3,0,6,0,33,19,0,1,1,2,0,1
20170311,1,0,0,9,0,18,10,11,23,21,2,147,4,7,1,0,12,1,33,25,0,1,0,2,3,0
20170318,0,2,0,12,1,1,10,48,19,21,3,162,3,15,1,0,2,1,20,6,1,0,1,1,4,1
20170325,0,4,0,17,1,7,11,31,38,21,5,181,4,17,0,0,6,0,17,75,0,1,2,2,0,0
20170401,0,4,0,19,2,8,9,4,33,13,2,169,3,12,0,0,3,1,39,0,0,1,1,1,0,0
20170408,0,4,1,14,3,8,8,34,36,5,2,90,0,3,5,0,10,0,19,110,1,2,1,1,3,0
20170415,0,2,1,15,1,0,12,15,15,19,4,139,2,9,2,0,11,0,7,2,0,1,1,1,4,0
20170422,0,0,0,3,1,6,9,28,22,28,0,87,1,11,4,0,1,0,26,85,1,0,2,3,2,0
20170429,0,1,0,17,2,1,8,44,15,5,0,27,3,9,0,0,6,0,16,33,1,1,1,2,0,0
20170506,0,4,0,15,2,8,4,14,23,22,6,41,2,7,4,0,8,1,1,23,1,1,0,2,0,0
20170513,0,1,0,10,2,10,12,11,23,21,0,148,1,9,6,0,9,1,16,101,0,1,1,0,4,0
20170520,0,1,0,7,2,17,13,26,43,11,4,105,4,21,2,0,3,0,38,83,1,0,2,2,4,0
20170527,0,4,0,17,2,14,20,32,32,8,5,171,6,7,6,0,9,0,18,46,0,2,1,0,4,0
20170603,0,1,0,23,3,1,13,25,45,24,2,144,4,20,3,0,12,1,6,23,0,2,0,3,4,0
20170610,0,2,0,16,1,16,16,28,54,39,7,340,9,30,5,0,11,0,33,35,1,2,0,1,2,1
20170617,0,0,0,24,1,14,17,35,52,39,4,413,4,31,6,0,4,0,8,15,1,1,1,0,1,0
20170624,0,2,0,33,3,13,24,24,47,56,8,488,9,27,0,0,7,0,17,89,0,0,1,3,0,0
20170701,0,4,0,32,0,8,22,1,53,57,2,492,11,32,2,0,2,0,35,17,0,0,1,2,3,1
20170708,0,0,1,34,2,1,25,2,40,35,1,281,2,11,4,0,4,0,18,20,1,1,0,2,2,0
20170715,0,3,0,16,2,14,11,31,12,19,4,89,3,19,1,0,10,1,14,41,0,2,1,1,2,0
20170722,0,0,1,23,2,3,17,51,1,12,2,90,5,8,1,0,10,0,17,78,1,2,1,1,3,1
20170729,0,3,0,19,1,12,11,4,57,39,3,11,1,10,1,0,11,0,3,26,1,2,2,1,2,0
20170805,0,3,0,4,2,16,11,10,10,9,1,64,3,12,6,0,2,1,30,29,1,1,1,1,2,0
20170812,0,1,0,1,2,15,6,55,30,28,7,219,3,29,4,0,4,1,40,53,1,3,0,3,3,1
20170819,0,3,1,21,0,19,13,1,48,32,3,268,6,29,0,0,1,0,18,31,0,0,1,0,0,0
20170826,0,1,1,16,2,17,23,8,51,20,7,307,7,37,5,0,5,1,20,99,0,2,1,1,1,0
20170902,0,3,0,34,2,0,24,54,97,71,1,474,9,28,1,0,2,0,22,58,1,2,2,1,3,1
20170909,0,1,1,41,3,10,37,2,112,74,6,475,11,31,6,0,2,1,16,47,0,2,0,0,0,1
20170916,0,1,0,39,1,10,25,22,82,35,1,602,10,40,2,0,6,0,18,64,0,0,1,2,2,0
20170923,0,0,0,47,3,9,35,17,81,62,3,564,12,38,3,0,1,1,19,74,0,1,0,2,3,0
20170930,0,2,0,45,3,17,30,49,69,66,1,584,12,32,4,0,12,0,13,37,1,1,1,2,4,0
20171007,0,2,1,15,2,16,21,28,36,19,5,169,4,6,3,0,2,1,26,70,0,1,1,2,3,0
20171014,0,3,0,13,2,13,5,20,29,28,4,118,4,28,1,0,11,1,33,27,0,2,1,2,1,0
20171021,0,1,1,6,1,4,11,46,31,39,7,226,1,0,4,0,6,0,27,109,1,3,2,2,2,0
20171028,0,2,0,19,1,6,3,40,59,27,8,314,2,24,3,0,1,1,20,42,1,1,2,2,1,1
20171104,0,0,1,35,0,12,12,36,31,75,1,463,15,10,2,0,1,1,11,83,1,1,2,1,3,0
20171111,0,2,0,36,0,9,47,19,80,18,7,46,15,57,4,0,5,0,21,29,0,3,2,0,1,0
20171118,0,1,0,28,3,16,10,10,67,59,0,368,1,18,0,0,11,0,38,96,0,2,1,3,4,0
20171125,0,1,1,15,0,9,40,4,112,52,6,728,9,46,5,0,4,0,10,107,1,0,1,2,3,0
20171202,0,1,0,40,0,18,26,46,65,46,6,20,2,40,5,0,7,0,8,49,0,2,2,1,2,0
20171209,0,0,0,52,1,17,30,54,96,57,7,295,9,32,5,0,2,1,33,2,0,0,0,2,1,1
20171216,0,1,0,36,2,1,26,27,41,70,6,654,9,43,3,20,6,0,28,66,1,2,1,1,1,0
20171223,0,1,0,77,0,11,55,53,109,67,7,834,17,55,4,20,4,1,34,87,1,3,1,3,2,0
20171231,0,5,5,81,3,17,71,51,166,114,8,1136,24,74,6,26,4,0,6,104,3,4,3,6,8,6
20180107,0,4,0,72,2,16,111,54,125,107,10,594,13,55,4,1,9,1,3,102,0,2,3,6,5,2
20180114,0,0,1,50,1,7,90,53,73,73,8,475,12,53,1,5,13,0,16,63,0,2,2,5,4,0
20180121,0,1,1,37,1,11,84,40,101,118,5,557,7,51,2,1,8,1,15,83,0,2,3,4,4,2
20180128,0,2,0,63,1,11,118,48,100,114,9,542,10,41,3,1,1,0,14,115,0,2,3,6,2,1
20180204,1,2,0,39,0,7,79,27,116,41,6,548,11,35,2,6,1,0,9,110,0,3,3,4,4,1
20180211,0,2,0,10,3,1,18,50,85,74,11,453,7,29,6,5,5,0,10,47,0,0,2,4,5,2
20180218,0,1,0,33,2,6,43,32,53,52,5,403,7,42,3,6,3,0,15,115,0,1,2,5,5,0
20180225,0,3,0,19,1,1,26,29,5,14,5,186,5,12,1,4,4,0,20,78,0,2,2,2,0,1
20180304,0,0,1,18,1,12,12,6,15,13,2,256,1,20,2,5,13,0,15,72,0,3,1,2,1,0
20180311,0,3,0,28,1,16,4,2,55,34,7,499,2,37,5,5,10,0,2,11,1,0,1,0,2,2
20180318,0,0,0,30,1,11,14,2,92,9,8,328,7,32,5,4,12,0,15,87,0,3,3,2,0,0
20180325,0,1,0,20,0,13,7,7,57,90,8,430,7,19,3,0,13,1,4,115,1,1,0,2,3,2
20180401,0,3,0,7,2,10,15,37,25,2,7,275,6,30,6,4,11,0,17,104,1,4,2,4,3,1
20180408,0,1,1,21,2,2,34,14,24,45,4,284,5,8,3,2,13,1,15,100,0,3,2,1,1,1
20180415,0,1,0,38,3,22,39,35,46,64,5,353,5,48,0,3,12,0,22,35,0,3,2,1,5,0
20180422,0,0,1,13,2,7,1,36,13,2,7,209,2,8,3,3,6,1,20,35,0,3,0,6,1,1
20180429,0,2,0,10,1,10,17,32,6,21,0,74,3,6,4,5,2,1,5,25,1,3,1,0,2,0
20180506,0,0,1,12,0,23,31,51,67,36,5,541,3,37,4,6,1,1,4,31,1,3,2,1,5,2
20180513,0,3,1,48,0,1,52,49,62,51,4,351,11,31,4,5,7,0,15,79,0,3,1,2,6,0
20180520,0,1,0,45,3,8,71,27,104,66,1,567,12,37,0,3,7,0,6,7,0,0,2,4,1,2
20180527,0,1,0,39,1,4,55,22,94,67,4,494,9,52,5,4,3,1,4,107,1,2,1,3,4,2
20180603,0,4,0,21,1,7,45,21,61,79,11,435,8,41,3,0,4,0,12,77,0,3,0,3,5,0
20180610,0,2,1,41,2,3,37,22,91,77,10,311,5,52,1,7,5,0,19,110,0,2,1,4,5,2
20180617,0,3,0,7,1,3,36,27,37,30,8,110,2,17,1,3,8,0,7,73,0,3,1,2,5,0
20180624,0,1,1,20,3,12,38,37,64,9,1,298,3,1,5,4,17,0,14,9,0,0,1,5,3,2
20180701,0,0,0,5,2,8,9,55,8,9,0,133,3,4,0,1,15,1,23,95,0,1,1,1,1,2
20180708,0,3,0,17,2,4,58,32,2,17,9,17,6,22,4,2,17,0,22,67,1,1,3,5,1,2
20180715,0,3,1,17,3,21,22,18,33,27,7,23,1,14,1,6,16,0,4,32,0,1,1,1,2,2
20180722,0,3,0,12,3,12,2,7,41,11,3,142,5,28,3,5,0,0,6,17,1,2,1,5,4,2
20180729,0,3,1,17,2,10,3,18,95,40,3,485,6,33,4,5,4,0,6,53,0,0,3,4,5,2
20180805,0,0,1,19,0,23,18,44,8,20,3,4,5,2,1,6,16,0,10,48,1,3,2,2,2,1
20180812,0,3,0,52,1,8,109,6,124,110,0,536,8,48,5,5,17,1,11,39,0,2,3,4,3,2
20180819,0,3,1,55,0,14,105,39,110,96,2,840,15,50,2,4,16,1,19,34,0,1,3,2,1,0
20180826,0,2,0,44,2,5,25,13,60,63,0,494,7,31,1,3,3,1,5,87,0,2,2,1,0,0
20180902,0,1,0,24,2,10,7,20,49,33,3,113,5,16,6,0,3,0,22,95,0,3,1,1,0,2
20180909,0,1,0,14,2,3,10,38,16,34,7,402,5,22,5,2,2,1,11,32,0,1,1,2,2,1
20180916,0,3,0,0,1,8,39,14,28,10,2,541,1,10,4,2,17,1,23,68,1,0,3,2,0,1
20180923,0,3,0,45,2,22,68,56,97,48,5,423,5,39,1,2,15,0,11,3,0,3,3,1,2,1
20180930,0,2,1,4,2,17,1,17,14,47,1,140,2,27,2,3,5,1,8,18,1,2,0,1,2,0
20181007,0,1,0,26,1,9,29,19,28,15,9,350,2,10,4,0,17,0,22,98,0,0,0,4,1,2
20181014,0,3,1,25,2,25,29,14,59,37,5,317,3,23,4,4,4,0,2,121,1,3,1,6,2,1
20181021,0,3,1,24,3,1,27,57,54,31,2,264,5,29,3,2,13,0,23,50,0,1,3,2,2,2
20181028,0,0,0,17,1,18,31,20,35,32,8,355,7,29,1,6,11,0,17,25,1,0,0,0,3,1
20181104,0,3,0,15,3,24,31,18,46,39,1,250,5,25,0,5,8,0,17,30,1,1,0,5,0,1
20181111,0,3,0,21,3,20,19,14,40,39,8,173,6,28,2,6,17,0,9,71,0,2,1,2,3,2
20181118,0,2,0,12,0,1,29,9,43,41,4,337,4,17,2,2,14,1,19,117,1,3,0,1,2,2
20181125,0,4,1,21,2,23,32,12,55,43,0,236,6,30,4,6,4,1,1,44,0,3,2,0,2,2
20181202,0,4,0,20,1,14,28,5,39,38,1,178,7,24,5,1,12,0,2,30,0,2,2,1,3,2
20181209,0,3,0,18,0,19,24,17,16,25,4,140,2,8,4,5,16,0,12,5,1,3,0,1,1,2
20181216,0,2,0,6,1,2,20,27,20,14,3,68,0,2,0,3,1,0,7,18,0,0,2,1,4,2
20181223,0,3,1,6,0,22,10,21,15,11,3,105,0,0,5,1,6,1,1,13,1,2,3,6,4,0
20181231,0,2,3,3,1,2,1,26,2,6,7,2,0,4,3,2,16,2,10,13,3,3,0,3,3,4
20190107,0,1,1,3,2,2,2,9,1,6,3,10,0,3,0,6,6,1,36,99,1,1,1,4,2,0
20190114,0,4,0,42,1,25,24,57,88,75,5,744,6,43,4,0,6,0,36,81,0,4,1,4,4,1
20190121,0,1,0,20,0,6,21,8,75,42,1,149,7,36,6,3,18,1,25,3,0,4,0,2,1,1
20190128,0,2,1,31,1,15,25,33,86,99,7,485,8,35,6,9,14,1,12,52,0,1,3,0,0,1
20190204,1,2,1,12,3,10,18,108,47,73,2,261,7,27,0,7,5,1,1,54,1,3,2,1,3,0
20190211,0,2,0,16,3,11,11,5,20,48,1,37,2,11,3,1,10,1,17,150,1,0,4,1,3,0
20190218,0,1,1,11,3,23,18,86,71,1,1,21,1,28,0,6,10,1,8,97,0,2,1,1,1,1
20190225,0,3,1,4,1,4,15,14,26,50,7,45,4,6,1,1,8,1,26,16,0,1,0,4,2,0
20190304,0,4,1,12,2,23,18,26,68,14,1,361,3,22,1,2,17,1,30,144,1,2,1,1,0,1
20190311,0,3,1,30,0,10,22,49,88,88,3,445,5,38,2,9,15,0,11,29,1,2,1,2,4,1
20190318,1,2,0,10,2,19,22,30,88,99,9,527,8,34,4,5,19,0,43,136,0,4,3,2,5,1
20190325,0,2,1,19,1,22,25,6,82,37,0,241,6,19,1,3,2,1,38,6,1,2,2,2,2,0
20190401,0,0,0,34,2,2,22,102,92,89,6,465,7,23,3,9,1,1,9,16,1,3,1,1,1,0
20190408,0,1,1,22,3,10,2,36,3,4,2,163,1,22,3,9,10,1,14,89,0,2,3,3,2,1
20190415,0,4,0,12,3,23,16,65,24,25,3,103,2,13,5,6,3,0,36,102,1,2,1,3,2,1
20190422,1,1,0,18,2,21,2,21,56,40,5,13,6,5,1,6,11,0,27,44,1,5,2,0,1,0
20190429,0,2,1,29,2,7,24,53,23,98,13,174,3,28,3,9,13,1,0,6,1,4,0,1,1,1
20190506,0,3,0,12,2,21,37,0,78,6,9,309,1,16,3,4,18,0,38,31,0,2,1,1,3,0
20190513,0,3,0,28,2,24,7,1,101,105,10,352,10,44,5,3,18,1,16,152,0,5,3,2,7,0
20190520,0,3,0,29,2,4,20,36,78,1,5,79,1,47,5,7,16,1,26,41,1,1,1,1,2,1
20190527,0,4,0,14,1,11,7,24,62,34,6,377,11,34,3,2,14,1,10,36,1,5,2,1,4,0
20190603,0,3,1,41,2,1,52,84,63,159,3,715,13,64,4,8,10,1,28,44,0,3,1,3,5,1
20190610,0,4,1,30,2,10,39,43,213,189,4,983,15,58,6,9,11,1,38,109,0,4,1,2,2,1
20190617,0,4,1,45,0,15,60,88,151,170,12,1194,14,65,3,2,15,1,35,135,1,2,2,1,6,1
20190624,0,0,1,42,2,23,43,66,182,82,4,915,12,39,4,3,3,0,1,58,0,4,3,3,4,0
20190701,0,0,0,43,3,23,52,24,215,169,3,309,8,52,4,4,16,0,26,79,1,0,3,4,2,1
20190708,0,4,1,11,2,4,9,25,30,77,0,6,1,11,0,0,0,1,12,93,1,1,4,2,5,1
20190715,0,3,1,53,1,11,57,62,217,111,7,1135,20,64,5,5,10,0,37,146,1,5,4,4,4,1
20190722,0,1,1,27,1,3,25,116,152,100,8,297,5,34,4,7,9,1,12,144,0,1,0,2,1,1
20190729,0,4,1,64,1,25,54,57,206,179,10,1416,25,108,5,4,0,0,36,48,1,0,3,4,4,1
20190805,0,1,1,28,0,9,35,63,132,160,7,810,12,47,6,6,17,0,36,167,1,2,2,3,6,1
20190812,0,4,1,40,2,14,35,91,10,81,6,387,9,3,6,7,9,1,21,53,0,3,0,4,5,0
20190819,0,3,1,11,1,23,5,65,23,60,8,18,7,29,6,5,21,1,11,100,0,4,1,2,2,1
20190826,0,1,0,58,3,25,58,0,180,189,13,1275,22,88,2,1,11,1,45,4,1,1,1,3,6,1
20190902,0,3,0,68,3,1,52,114,253,147,11,399,14,108,4,5,4,1,19,146,1,4,4,4,5,0
20190909,0,4,0,41,2,0,56,75,158,87,6,1051,5,58,1,7,8,1,37,93,0,4,4,1,4,1
20190916,0,0,1,25,2,8,16,76,136,123,7,62,1,8,1,3,4,1,29,121,1,0,2,2,1,0
20190923,0,2,0,43,1,23,43,18,61,56,9,431,4,31,5,6,13,1,9,136,0,0,4,1,5,1
20190930,0,3,0,18,3,16,37,52,108,72,5,295,4,61,5,1,18,0,33,168,0,4,3,3,4,1
20191007,1,4,1,46,2,16,54,31,167,140,5,797,11,74,4,6,20,1,11,153,0,3,4,3,1,1
20191014,0,2,0,28,2,19,40,57,164,160,6,847,10,45,0,1,16,1,37,67,1,1,3,2,4,1
20191021,0,3,1,26,2,20,32,106,40,133,7,300,8,38,2,8,15,1,12,91,1,2,3,4,1,1
20191028,0,3,0,33,3,20,14,88,78,105,11,416,10,48,5,5,19,0,5,151,1,1,0,3,4,1
20191104,0,0,1,28,2,16,33,65,53,79,10,373,6,25,2,6,11,1,25,110,1,1,1,1,1,1
20191111,0,2,1,28,1,17,47,37,47,62,3,649,8,47,6,5,10,1,11,68,0,1,1,4,6,0
20191118,1,2,0,47,3,17,47,113,175,79,10,575,9,53,3,8,0,1,8,1,1,2,4,4,5,1
20191125,0,2,1,38,1,6,35,74,151,107,5,587,10,58,5,9,1,0,36,112,1,3,3,3,5,0
20191202,0,4,1,40,2,8,25,2,174,68,1,280,11,31,1,2,16,1,6,39,0,4,1,3,4,1
20191209,0,1,0,22,0,19,29,80,128,90,10,474,10,22,6,8,20,0,7,46,1,0,3,1,2,1
20191216,0,1,0,16,0,18,0,31,38,8,2,102,0,19,0,8,3,1,4,71,0,1,3,2,4,0
20191223,0,1,0,2,1,8,3,57,10,17,4,137,3,13,6,8,16,0,43,80,1,2,2,1,5,0
20191231,0,4,1,11,1,15,2,91,24,35,13,150,2,15,7,2,3,1,4,25,1,5,5,3,8,2
20200107,0,4,1,2,1,22,11,92,47,23,0,242,1,9,2,11,9,0,26,6,1,3,1,4,1,1
20200114,0,1,0,13,2,23,2,35,29,33,3,285,12,35,3,12,4,1,45,95,1,4,1,0,4,1
20200121,0,3,0,13,1,17,23,84,42,55,4,22,0,35,0,10,26,1,9,46,1,4,1,1,5,1
20200128,0,4,0,19,1,8,5,53,59,27,0,305,10,49,9,3,31,0,46,10,1,1,2,7,9,0
20200204,1,0,1,18,2,27,47,32,117,106,6,301,11,68,9,3,18,0,57,132,0,1,4,2,9,0
20200211,0,1,0,38,1,17,29,56,130,100,3,367,10,81,8,3,20,1,32,40,0,0,2,6,8,1
20200218,0,5,0,36,1,21,66,108,81,127,7,482,14,101,3,2,22,1,12,58,0,1,3,2,1,0
20200225,0,5,0,34,3,26,61,75,118,72,4,534,13,108,10,2,13,1,2,89,1,3,1,1,2,1
20200303,0,1,1,39,3,14,83,17,105,97,0,752,15,112,8,0,26,1,13,146,1,1,3,1,5,1
20200310,0,5,0,40,0,22,78,110,138,116,10,652,17,101,10,3,28,1,13,75,1,3,4,1,3,0
20200317,0,1,1,22,3,6,21,65,110,92,6,743,14,74,10,12,16,1,62,133,0,0,2,2,4,1
20200324,0,4,1,36,4,11,39,55,89,53,8,574,12,80,7,14,6,0,28,233,1,1,3,3,3,0
20200331,0,2,1,9,2,18,2,46,60,31,1,155,6,16,4,1,26,0,51,70,1,0,5,3,5,1
20200407,0,5,0,10,2,10,2,12,29,27,2,142,1,24,4,12,8,1,10,212,1,1,0,1,5,0
20200414,0,1,0,17,1,21,2,30,14,38,7,52,4,12,1,2,6,1,53,21,1,4,0,3,6,1
20200421,0,4,1,9,1,27,27,92,69,23,3,172,5,28,3,9,15,0,22,133,1,1,3,2,1,1
20200428,2,2,0,18,2,19,30,77,97,58,2,75,14,6,10,13,17,0,8,152,0,2,2,1,1,0
20200505,0,5,0,20,1,8,5,3,51,35,1,261,9,21,0,8,4,0,57,24,1,1,0,1,1,0
20200512,0,4,1,7,4,1,24,34,31,84,0,137,10,15,5,2,15,0,9,181,1,2,2,3,5,1
20200519,0,1,1,31,0,19,23,52,104,96,0,384,7,127,2,3,8,1,18,128,1,1,2,1,8,0
20200526,0,3,1,30,1,28,55,86,77,91,9,716,14,99,5,5,1,0,61,93,0,3,5,4,2,1
20200602,0,3,0,42,4,23,59,11,147,107,1,708,11,90,1,9,18,0,55,173,1,4,0,1,2,1
20200609,0,2,1,27,1,17,61,6,139,95,6,671,14,105,9,1,9,1,31,187,1,2,3,6,7,0
20200616,0,5,1,35,1,29,59,4,104,104,10,732,13,126,2,10,4,1,11,49,1,4,4,2,1,1
20200623,0,2,1,37,2,2,57,3,136,79,9,690,16,122,7,14,5,0,3,80,1,0,4,1,0,1
20200630,0,4,0,36,0,23,63,58,127,95,9,674,17,94,4,5,4,1,56,129,0,3,5,1,5,0
20200707,0,3,1,7,4,18,15,6,33,121,11,450,12,119,4,2,26,1,45,114,1,3,5,1,0,1
20200714,0,2,0,9,3,1,12,56,6,8,4,308,13,1,7,3,19,0,9,137,1,3,2,6,4,0
20200721,0,1,1,16,3,3,25,92,61,38,3,354,0,48,3,14,30,1,7,96,1,0,1,3,5,1
20200728,0,3,1,23,0,10,26,69,28,43,4,333,6,31,2,8,27,1,31,0,1,4,1,1,4,1
20200804,0,3,1,28,3,14,59,78,21,44,6,623,15,64,4,4,9,1,30,29,1,2,5,2,3,0
20200811,0,4,0,5,3,22,7,83,3,35,10,37,1,24,1,5,24,1,58,91,1,2,5,3,1,1
20200818,0,3,1,59,4,7,69,65,226,37,4,673,30,150,7,12,5,0,49,143,0,1,1,2,4,1
20200825,0,2,1,28,1,14,71,13,277,182,10,1054,28,194,7,0,6,0,52,31,0,2,4,4,7,1
20200901,0,3,0,56,3,14,94,37,196,216,1,641,18,190,8,3,24,0,30,113,0,2,4,2,7,0
20200908,0,3,1,64,2,21,74,107,266,243,5,1131,22,194,6,4,7,0,25,39,0,4,5,5,3,0
20200915,0,1,0,65,3,9,110,47,63,149,8,827,22,103,8,12,30,1,32,144,1,1,2,6,4,0
20200922,0,3,0,62,3,17,100,115,278,152,8,1036,24,145,10,10,28,1,20,92,1,5,3,6,4,1
20200929,0,5,1,57,2,25,40,98,230,131,5,655,11,42,1,5,18,1,18,216,1,5,2,4,6,0
20201006,0,0,1,7,3,4,48,74,161,59,6,942,11,12,4,3,9,1,35,148,0,3,2,6,2,0
20201013,0,5,0,1,4,27,54,70,112,48,11,327,24,82,5,8,4,1,31,53,0,3,4,5,4,1
20201020,0,4,0,4,4,3,39,20,92,49,7,519,13,18,9,5,23,1,1,129,0,2,4,1,2,0
20201027,0,0,1,56,1,29,56,64,77,52,4,106,9,28,10,1,18,0,15,36,1,1,3,6,1,1
20201103,0,3,0,44,2,23,46,45,34,137,10,644,6,120,1,9,5,0,40,205,1,4,3,1,1,1
20201110,0,2,0,36,2,14,73,93,114,191,3,530,10,39,7,2,11,0,22,177,1,2,5,7,9,1
20201117,0,3,1,51,3,9,68,54,209,176,10,764,18,54,8,7,17,1,5,210,0,3,1,6,5,1
20201124,0,3,1,25,2,14,75,102,218,79,3,618,18,34,1,10,0,1,45,163,1,0,4,2,7,0
20201201,0,1,0,56,2,21,101,103,267,127,8,790,15,257,5,6,1,1,54,136,0,1,4,3,10,1
20201208,0,1,1,64,1,4,108,90,163,226,10,1306,39,329,7,1,4,0,31,233,0,0,5,1,5,0
20201215,0,4,0,102,2,22,102,109,259,314,10,1568,34,228,3,11,13,1,44,48,1,4,2,6,9,1
20201222,0,4,0,84,1,27,78,76,273,244,7,1536,28,315,9,5,14,0,43,202,0,2,5,6,10,0
20201231,0,0,0,110,1,27,87,122,270,163,8,1181,45,223,6,8,17,1,36,219,1,2,4,5,3,0
20210107,0,1,1,7,0,13,1,45,19,3,1,41,3,9,2,9,10,0,73,154,0,4,3,1,2,0
20210114,0,4,1,10,1,2,13,10,48,54,0,18,1,39,2,13,13,0,43,59,1,1,5,4,1,0
20210121,0,1,1,9,1,0,53,9,87,62,4,392,3,77,5,13,14,1,65,124,0,3,3,3,4,1
20210128,1,3,0,38,0,3,37,50,102,117,9,804,13,82,9,8,12,1,65,55,0,3,2,4,1,1
20210204,0,1,0,50,3,33,101,41,157,77,9,749,0,109,3,14,1,0,21,21,1,3,1,4,3,0
20210211,0,3,1,33,0,28,30,71,69,71,4,419,1,131,6,5,0,1,6,102,1,3,3,6,7,1
20210218,0,2,0,32,5,19,63,24,132,63,10,550,20,127,9,7,33,1,46,45,0,0,2,2,2,1
20210225,1,4,0,8,4,26,44,62,52,78,1,722,12,89,7,8,22,0,36,39,0,4,4,7,7,1
20210304,0,3,1,64,5,2,86,2,139,178,9,642,43,115,5,3,4,1,36,127,1,1,1,6,4,0
20210311,0,3,0,48,2,27,125,67,224,105,3,1017,40,153,3,1,5,1,69,177,1,2,3,7,9,0
20210318,0,6,1,64,4,23,62,14,203,60,5,1119,25,113,4,5,27,0,23,40,1,3,3,2,1,0
20210325,0,5,0,35,2,32,63,99,221,190,10,1120,22,130,1,10,21,0,33,65,0,2,6,7,5,1
20210401,1,3,0,63,2,9,112,66,224,193,5,927,33,155,2,7,1,1,6,160,1,3,5,7,9,1
20210408,0,3,1,50,0,11,70,105,113,137,12,1177,28,139,8,1,10,1,67,139,0,3,1,2,4,1
20210415,0,2,0,27,3,22,82,46,153,123,4,836,9,118,6,8,23,1,54,190,0,3,0,3,4,1
20210422,0,4,1,51,2,29,71,61,137,161,12,1447,31,137,9,0,32,1,71,191,0,1,5,6,7,1
20210429,0,1,1,25,3,13,93,91,211,179,11,795,21,156,9,0,12,1,71,177,1,4,3,5,4,1
20210506,0,0,1,56,0,7,106,76,199,170,2,1173,20,108,2,11,2,1,41,29,0,2,5,7,6,1
20210513,0,2,0,40,0,11,70,88,81,70,13,395,24,87,4,6,29,0,63,74,1,1,4,3,3,1
20210520,0,4,1,51,0,33,86,30,181,17,4,811,22,164,0,6,24,0,28,107,1,2,4,2,9,0
20210527,0,2,0,59,1,3,47,100,178,117,15,619,21,155,3,11,28,0,39,177,0,1,5,7,9,0
20210603,0,0,1,47,1,30,94,100,162,126,5,557,27,104,4,1,15,0,4,185,0,2,2,1,7,1
20210610,0,0,1,25,2,22,25,103,48,73,7,221,2,35,1,10,17,1,45,79,0,1,2,3,3,1
20210617,0,3,0,5,1,25,2,60,86,31,6,27,2,27,3,2,24,0,21,188,1,3,3,7,2,1
20210624,0,6,0,21,5,15,32,99,72,41,5,33,2,27,11,1,12,0,18,165,1,4,1,0,1,0
20210701,0,4,1,4,4,33,12,45,56,6,3,429,7,72,10,7,4,0,2,71,0,3,1,1,5,0
20210708,0,6,0,25,6,27,57,18,98,17,2,171,20,141,11,3,23,1,15,72,0,0,6,4,5,0
20210715,0,1,1,16,1,10,29,55,103,36,3,276,9,84,4,4,29,1,12,95,1,0,2,0,8,1
20210722,0,2,1,26,6,34,52,26,107,20,6,142,6,62,9,14,32,1,17,58,1,2,2,1,8,1
20210729,0,4,1,16,5,33,11,37,132,44,13,220,8,49,9,9,14,1,9,26,0,0,2,8,2,1
20210805,0,5,0,8,0,7,29,51,74,8,4,474,18,22,1,8,2,1,3,13,0,0,6,1,6,1
20210812,0,0,1,7,1,18,13,104,15,89,3,184,9,42,10,13,26,0,60,32,1,1,2,2,0,1
20210819,0,7,1,28,5,11,54,89,154,142,15,454,14,95,11,0,17,1,37,50,1,1,2,7,4,0
20210826,0,4,1,37,6,3,49,27,120,103,6,270,17,123,11,12,31,1,1,152,1,4,3,6,8,1
20210902,0,0,1,7,3,13,56,104,192,169,8,1307,15,151,3,8,31,1,59,129,0,1,5,8,4,1
20210909,0,6,0,77,4,11,113,112,149,157,3,1119,26,126,2,12,25,1,13,3,0,4,0,4,7,0
20210916,0,4,0,65,3,23,93,21,192,150,10,891,24,142,11,4,30,1,11,90,1,1,2,6,6,0
20210923,0,2,1,77,4,19,93,26,176,201,2,1452,28,148,5,4,6,1,37,162,0,4,5,2,2,0
20210930,0,5,0,72,5,13,141,83,166,116,9,1560,22,144,7,10,34,1,58,184,0,3,3,4,1,1
20211007,0,1,1,20,5,22,46,109,6,38,1,166,3,2,11,6,17,1,20,112,0,0,2,7,5,1
20211014,0,4,1,17,3,3,46,91,15,42,3,175,9,35,0,11,14,1,16,71,0,2,6,3,4,1
20211021,0,3,0,8,0,24,12,50,29,6,5,159,1,91,5,0,27,0,28,176,1,4,0,4,1,1
20211028,0,1,1,40,1,16,65,73,124,3,4,102,9,98,4,12,17,1,49,120,0,5,5,7,8,1
20211104,0,6,1,44,4,1,65,64,156,101,7,835,18,114,9,10,1,1,47,75,1,4,3,5,9,0
20211111,1,0,0,40,6,13,81,118,179,172,10,1072,25,139,7,0,16,1,41,63,1,2,6,7,3,0
20211118,0,3,1,34,3,7,88,64,188,170,13,773,37,183,8,2,6,0,71,153,0,1,5,5,6,0
20211125,0,2,1,49,0,23,106,112,142,137,11,1410,22,118,2,4,5,1,35,191,1,4,4,4,4,1
20211202,0,6,1,50,5,5,111,51,192,171,13,1435,21,171,3,8,30,1,1,154,0,1,5,6,8,1
20211209,0,6,0,58,2,16,75,103,223,94,1,503,25,85,7,12,35,1,67,155,1,1,4,2,8,0
20211216,0,4,1,47,0,20,50,26,145,121,12,1157,22,123,1,3,15,1,56,54,0,4,3,6,8,0
20211223,0,4,0,49,4,1,38,115,184,125,13,556,16,109,5,11,11,1,63,116,1,4,6,5,7,0
20211231,0,1,4,7,4,26,7,54,96,73,11,177,8,61,7,13,1,3,31,85,1,2,2,4,4,4
